Year,SARIMAX_Pred,Final GDP Forecast (%)
2027.0,7.091302624283649,6.926637059388973
2028.0,7.479276336973378,7.3146107720787015
2029.0,7.1815326170674325,7.016867052172756
2030.0,8.275074040158941,8.110408475264265
