Year,SARIMAX_Pred,Final GDP Forecast (%)
2027.0,7.410953298877189,7.246287733982513
2028.0,8.107851825325689,7.943186260431013
2029.0,7.358447162696095,7.193781597801419
2030.0,9.290492763773258,9.125827198878582
