Year,SARIMAX_Pred,Final GDP Forecast (%)
2027.0,7.060552347812752,6.895886782918076
2028.0,7.378315875791799,7.213650310897123
2029.0,6.731530251368461,6.566864686473785
2030.0,7.797081167507201,7.632415602612525
