Year,SARIMAX_Pred,Final GDP Forecast (%)
2025.0,6.85248625174745,6.687820686852774
2026.0,7.380880334010236,7.21621476911556
